{"coord_list": [[35.0843859, -106.650422], [33.7489954, -84.3879824], [30.267153, -97.7430608], [39.2903848, -76.6121893], [30.4514677, -91.18714659999999], [33.5185892, -86.8103567], [42.3600825, -71.0588801], [35.2270869, -80.8431267], [41.8781136, -87.6297982], [39.1031182, -84.5120196], [41.49932, -81.6943605], [38.8338816, -104.8213634], [39.9611755, -82.99879419999999], [32.7766642, -96.79698789999999], [39.7392358, -104.990251], [42.331427, -83.0457538], [31.7618778, -106.4850217], [36.7377981, -119.7871247], [36.0726354, -79.7919754], [40.2731911, -76.8867008], [21.3069444, -157.8583333], [29.7604267, -95.3698028], [39.768403, -86.158068], [37.0370221, -95.6164276], [30.3321838, -81.65565099999999], [39.0997265, -94.5785667], [36.1699412, -115.1398296], [33.7700504, -118.1937395], [34.0522342, -118.2436849], [38.2526647, -85.7584557], [35.1495343, -90.0489801], [33.4151843, -111.8314724], [25.7616798, -80.1917902], [43.0389025, -87.9064736], [44.977753, -93.2650108], [36.1626638, -86.7816016], [41.308274, -72.9278835], [29.95106579999999, -90.0715323], [40.7127753, -74.0059728], [36.8507689, -76.28587259999999], [35.4675602, -97.5164276], [41.2565369, -95.9345034], [28.5383355, -81.3792365], [39.9525839, -75.1652215], [33.4483771, -112.0740373], [40.44062479999999, -79.9958864], [45.5051064, -122.6750261], [36.2891217, -94.1863691], [35.7795897, -78.6381787], [37.5407246, -77.4360481], [38.5815719, -121.4943996], [38.6270025, -90.19940419999999], [40.7607793, -111.8910474], [29.4241219, -98.49362819999999], [32.715738, -117.1610838], [37.7749295, -122.4194155], [37.3382082, -121.8863286], [47.6062095, -122.3320708], [30.4382559, -84.28073289999999], [27.950575, -82.4571776], [32.2226066, -110.9747108], [36.8529263, -75.97798499999999], [47.7510741, -120.7401385], [37.09024, -95.712891], [37.77739299696973, -95.25731467393244]], "center_coord": [39.8283, -98.5759]}